Application ID,Applicant Name,Email,Intended Major,High School State,Application Fee,Submission Date,Email Domain
1352.0,Wanda Doe,wdoe@gmail.com,Math,NV,297.91,,gmail.com
1689.0,Peter Jones,pjones@edu.org,Journalism,Unknown,1939.68,08/14/2023,edu.org
1485.0,Wanda Maximoff,wmaximoff@yahoo.com,Math,Unknown,277.9,,yahoo.com
1388.0,Peter Parker,pparker@yahoo.com,Agriculture,AZ,370.25,,yahoo.com
1031.0,Bruce Rogers,brogers@stark.com,Physics,NV,53.93,,stark.com
1442.0,Diana Stone,dstone@outlook.com,Unknown,NV,1220.8,07/26/2023,outlook.com
1198.0,Charlie Jane,cjane@stark.com,Biology,WA,403.84,,stark.com
1425.0,Peter Rogers,progers@stark.com,Physics,WA,185.89,,stark.com
1107.0,John Jane,jjane@gmail.com,Art,KS,1106.45,09/16/2023,gmail.com
1714.0,Wanda Wayne,wwayne@gmail.com,Biology,Unknown,1953.69,02/21/2023,gmail.com
1552.0,Peter Jordan,pjordan@skynet.com,History,OR,1851.0,,skynet.com
1675.0,Mary Curry,mcurry@gmail.com,Journalism,NV,126.93,04/18/2023,gmail.com
1158.0,Alice Allen,aallen@dailybugle.com,Art,NV,1970.98,,dailybugle.com
1475.0,Hal Connor,hconnor@skynet.com,Unknown,FL,1262.67,,skynet.com
1423.0,Charlie Parker,cparker@stark.com,Unknown,Unknown,1903.8,,stark.com
1210.0,Bruce Allen,ballen@skynet.com,Computer Science,AZ,1160.63,,skynet.com
1483.0,Arthur Parker,aparker@dailybugle.com,Physics,NV,1824.77,,dailybugle.com
1884.0,Diana Allen,dallen@skynet.com,Math,CA,1867.95,,skynet.com
1650.0,Arthur Kent,akent@dailybugle.com,Business,CA,1614.79,,dailybugle.com
1244.0,Wanda Jones,wjones@outlook.com,Unknown,NY,570.27,04/10/2023,outlook.com
1847.0,Peter Jordan,pjordan@skynet.com,Unknown,TX,1479.42,06/21/2023,skynet.com
1982.0,Clark Prince,cprince@outlook.com,Math,CA,1390.56,,outlook.com
1828.0,Peter Kent,pkent@yahoo.com,Journalism,AZ,965.11,,yahoo.com
1059.0,Victor Connor,vconnor@stark.com,Agriculture,NJ,1493.12,02/28/2023,stark.com
1290.0,Clark Smith,csmith@stark.com,Unknown,CA,721.85,,stark.com
1070.0,Arthur Jane,ajane@outlook.com,Journalism,Unknown,1014.83,,outlook.com
1344.0,Wanda Wayne,wwayne@dailybugle.com,Physics,CA,1345.6,01/07/2023,dailybugle.com
1184.0,Steve Allen,sallen@yahoo.com,Unknown,CA,1791.53,,yahoo.com
1141.0,Hal Jones,hjones@outlook.com,Physics,KS,721.4,06/07/2023,outlook.com
1390.0,Wanda Prince,wprince@outlook.com,Business,NY,1789.51,12/14/2023,outlook.com
1491.0,Diana Jordan,djordan@yahoo.com,Art,OR,769.33,,yahoo.com
1826.0,Bruce Curry,bcurry@skynet.com,Journalism,TX,1930.95,,skynet.com
1101.0,Charlie Stone,cstone@outlook.com,Journalism,FL,692.05,,outlook.com
1749.0,Alice Brown,abrown@yahoo.com,History,WA,1982.01,,yahoo.com
1551.0,Mary Stone,mstone@dailybugle.com,Physics,KS,1485.86,11/06/2023,dailybugle.com
1306.0,Peter Brown,pbrown@stark.com,Unknown,TX,634.99,,stark.com
1986.0,Alice Doe,adoe@stark.com,Engineering,NV,786.35,,stark.com
1321.0,Wanda Curry,wcurry@skynet.com,Journalism,CA,416.52,,skynet.com
1799.0,Diana Jones,djones@gmail.com,Art,NV,322.2,,gmail.com
1730.0,Hal Kent,hkent@skynet.com,Unknown,NV,1490.91,07/27/2023,skynet.com
1677.0,Steve Smith,ssmith@outlook.com,Business,TX,1636.59,07/27/2023,outlook.com
1653.0,John Maximoff,jmaximoff@gmail.com,Computer Science,AZ,1102.9,,gmail.com
1076.0,Wanda Allen,wallen@stark.com,Journalism,TX,152.76,,stark.com
1192.0,Hal Allen,hallen@edu.org,Unknown,NJ,40.16,,edu.org
1458.0,Bruce Stone,bstone@stark.com,Art,TX,1.09,,stark.com
1439.0,Sara Prince,sprince@yahoo.com,Journalism,NY,1697.19,,yahoo.com
1918.0,Peter Rogers,progers@stark.com,Journalism,Unknown,1947.44,,stark.com
1660.0,Mary Wayne,mwayne@dailybugle.com,History,WA,459.53,,dailybugle.com
1309.0,John Kent,jkent@gmail.com,Agriculture,OR,1375.73,05/07/2023,gmail.com
1743.0,Barry Maximoff,bmaximoff@stark.com,Physics,AZ,597.71,02/15/2023,stark.com
1616.0,Steve Prince,sprince@dailybugle.com,Unknown,OR,283.67,08/31/2023,dailybugle.com
1199.0,Bob Jones,bjones@stark.com,Art,WA,225.04,,stark.com
1598.0,Peter Jordan,pjordan@dailybugle.com,Journalism,OR,1617.1,,dailybugle.com
1882.0,Diana Jane,djane@outlook.com,Biology,TX,899.88,,outlook.com
1428.0,Wanda Connor,wconnor@edu.org,Engineering,OR,1514.71,05/16/2023,edu.org
1497.0,Peter Jones,pjones@gmail.com,Computer Science,KS,1124.11,,gmail.com
1603.0,Hal Doe,hdoe@yahoo.com,Journalism,Unknown,628.91,,yahoo.com
1010.0,Bruce Wayne,bwayne@gmail.com,Engineering,FL,1078.47,,gmail.com
1670.0,Bruce Brown,bbrown@outlook.com,Agriculture,OR,565.2,,outlook.com
1928.0,Peter Maximoff,pmaximoff@yahoo.com,History,CA,512.91,,yahoo.com
1557.0,Alice Wayne,awayne@outlook.com,Unknown,NV,528.08,,outlook.com
1636.0,Bob Smith,bsmith@stark.com,Biology,KS,215.32,,stark.com
1371.0,Arthur Rogers,arogers@outlook.com,Engineering,NJ,453.56,,outlook.com
1834.0,Hal Brown,hbrown@stark.com,Engineering,CA,1289.52,,stark.com
1582.0,Barry Maximoff,bmaximoff@yahoo.com,Business,FL,803.04,,yahoo.com
1333.0,Diana Stone,dstone@skynet.com,Business,NJ,124.82,,skynet.com
1945.0,Charlie Jones,cjones@edu.org,Biology,WA,1512.96,09/28/2023,edu.org
1210.0,Bruce Allen,ballen@skynet.com,Computer Science,AZ,1160.63,,skynet.com
1319.0,Peter Doe,pdoe@edu.org,Unknown,FL,22.59,,edu.org
1457.0,Mary Wayne,mwayne@skynet.com,Computer Science,NV,406.91,,skynet.com
1088.0,Charlie Rogers,crogers@gmail.com,History,CA,476.88,11/15/2023,gmail.com
1879.0,Barry Connor,bconnor@skynet.com,Math,CA,787.61,,skynet.com
1350.0,Bob Allen,ballen@stark.com,History,CA,1935.03,,stark.com
1413.0,Bruce Doe,bdoe@edu.org,Physics,Unknown,1236.01,,edu.org
1277.0,Wanda Stone,wstone@edu.org,Computer Science,KS,824.41,,edu.org
1959.0,John Maximoff,jmaximoff@gmail.com,Journalism,NY,106.8,,gmail.com
1213.0,Alice Parker,aparker@gmail.com,History,KS,624.18,,gmail.com
1096.0,Alice Brown,abrown@stark.com,Unknown,Unknown,733.9,,stark.com
1078.0,Steve Maximoff,smaximoff@stark.com,Journalism,NY,937.84,,stark.com
1703.0,Hal Rogers,hrogers@dailybugle.com,Biology,FL,1526.35,,dailybugle.com
1136.0,Clark Prince,cprince@gmail.com,History,NV,504.84,,gmail.com
1208.0,Charlie Doe,cdoe@edu.org,Biology,AZ,1632.03,,edu.org
1522.0,Diana Brown,dbrown@outlook.com,Computer Science,AZ,956.57,,outlook.com
1837.0,Diana Kent,dkent@stark.com,Journalism,NJ,785.26,,stark.com
1568.0,Bruce Jones,bjones@skynet.com,Physics,CA,1822.72,,skynet.com
1260.0,Bob Kent,bkent@dailybugle.com,Biology,TX,1280.58,,dailybugle.com
1467.0,Bruce Stone,bstone@outlook.com,Computer Science,Unknown,863.9,,outlook.com
1039.0,Diana Kent,dkent@yahoo.com,Engineering,NV,1193.58,,yahoo.com
1030.0,Victor Jordan,vjordan@edu.org,Unknown,WA,1706.9,,edu.org
1697.0,John Prince,jprince@gmail.com,Unknown,Unknown,1459.1,,gmail.com
1451.0,Charlie Brown,cbrown@stark.com,Computer Science,AZ,819.26,07/22/2023,stark.com
1054.0,Bob Stone,bstone@yahoo.com,Biology,Unknown,1592.29,07/11/2023,yahoo.com
1023.0,Mary Jordan,mjordan@skynet.com,Math,FL,728.44,,skynet.com
1513.0,Arthur Doe,adoe@gmail.com,Biology,CA,193.68,01/04/2023,gmail.com
1113.0,Barry Kent,bkent@outlook.com,History,OR,634.08,,outlook.com
1109.0,Wanda Brown,wbrown@yahoo.com,Art,NJ,1187.45,,yahoo.com
1506.0,Hal Rogers,hrogers@gmail.com,Journalism,WA,1880.57,07/11/2023,gmail.com
1966.0,Victor Jones,vjones@dailybugle.com,Physics,NV,627.39,,dailybugle.com
1003.0,Barry Connor,bconnor@skynet.com,Physics,NJ,1979.05,,skynet.com
1275.0,Hal Jane,hjane@gmail.com,Physics,Unknown,1863.18,,gmail.com
1656.0,Bob Wayne,bwayne@dailybugle.com,Engineering,Unknown,653.08,,dailybugle.com
1854.0,Mary Rogers,mrogers@skynet.com,Computer Science,NY,398.25,01/03/2023,skynet.com
1759.0,Alice Parker,aparker@edu.org,Art,KS,375.5,10/23/2023,edu.org
1796.0,Sara Curry,scurry@skynet.com,Art,NY,789.81,,skynet.com
1902.0,John Jane,jjane@outlook.com,Math,WA,1779.17,,outlook.com
1394.0,Steve Maximoff,smaximoff@stark.com,Unknown,NY,767.26,07/12/2023,stark.com
1614.0,Clark Rogers,crogers@yahoo.com,Unknown,AZ,532.36,,yahoo.com
1877.0,Clark Maximoff,cmaximoff@edu.org,Math,Unknown,1743.62,,edu.org
1174.0,Alice Connor,aconnor@stark.com,Journalism,Unknown,913.49,,stark.com
1917.0,Arthur Connor,aconnor@edu.org,Physics,NV,477.17,,edu.org
1058.0,Peter Kent,pkent@dailybugle.com,Engineering,CA,1159.15,,dailybugle.com
1265.0,John Kent,jkent@skynet.com,Agriculture,FL,1788.63,,skynet.com
1063.0,Barry Jane,bjane@edu.org,Computer Science,OR,183.35,,edu.org
1789.0,Barry Smith,bsmith@dailybugle.com,Math,NV,1043.35,,dailybugle.com
1261.0,Diana Parker,dparker@dailybugle.com,Unknown,CA,1951.29,,dailybugle.com
1100.0,Steve Stone,sstone@outlook.com,Agriculture,NV,689.03,,outlook.com
1299.0,Peter Wayne,pwayne@dailybugle.com,Journalism,KS,689.05,,dailybugle.com
1615.0,Hal Jordan,hjordan@yahoo.com,History,NJ,1411.71,,yahoo.com
1178.0,Arthur Curry,acurry@yahoo.com,Unknown,KS,813.03,04/17/2023,yahoo.com
1933.0,Mary Jones,mjones@yahoo.com,Physics,NV,1427.44,,yahoo.com
1778.0,John Rogers,jrogers@yahoo.com,Art,AZ,1777.21,,yahoo.com
1139.0,Alice Connor,aconnor@gmail.com,Art,WA,1354.07,,gmail.com
1803.0,Bruce Jordan,bjordan@dailybugle.com,Business,KS,652.02,,dailybugle.com
1168.0,Charlie Jordan,cjordan@stark.com,Computer Science,Unknown,135.07,,stark.com
1066.0,Mary Jones,mjones@skynet.com,Art,Unknown,1566.45,09/24/2023,skynet.com
1256.0,Alice Stone,astone@skynet.com,Art,Unknown,267.77,,skynet.com
1067.0,John Smith,jsmith@edu.org,Agriculture,Unknown,161.58,,edu.org
1986.0,Alice Doe,adoe@stark.com,Engineering,NV,786.35,,stark.com
1012.0,Wanda Brown,wbrown@gmail.com,Math,NY,1852.73,03/27/2023,gmail.com
1531.0,Alice Jones,ajones@edu.org,Biology,CA,1892.43,,edu.org
1319.0,Peter Doe,pdoe@edu.org,Unknown,FL,22.59,,edu.org
1984.0,Hal Brown,hbrown@dailybugle.com,Physics,AZ,392.31,,dailybugle.com
1866.0,Arthur Parker,aparker@dailybugle.com,Engineering,FL,1196.26,,dailybugle.com
1576.0,Charlie Doe,cdoe@yahoo.com,Agriculture,Unknown,1251.91,,yahoo.com
1334.0,Barry Jane,bjane@dailybugle.com,Journalism,WA,763.13,,dailybugle.com
1286.0,Steve Wayne,swayne@dailybugle.com,Business,TX,501.39,12/28/2023,dailybugle.com
1911.0,Steve Maximoff,smaximoff@gmail.com,Biology,KS,1297.43,,gmail.com
1323.0,Wanda Prince,wprince@edu.org,Agriculture,TX,380.42,09/26/2023,edu.org
1890.0,Arthur Curry,acurry@yahoo.com,Business,KS,1879.88,09/26/2023,yahoo.com
1536.0,Mary Connor,mconnor@skynet.com,Art,NV,542.11,,skynet.com
1692.0,Peter Jordan,pjordan@outlook.com,Biology,KS,188.22,,outlook.com
1649.0,Hal Rogers,hrogers@dailybugle.com,Biology,CA,1083.1,,dailybugle.com
1528.0,Mary Rogers,mrogers@skynet.com,Art,NY,1588.69,,skynet.com
1513.0,Arthur Doe,adoe@gmail.com,Biology,CA,193.68,01/04/2023,gmail.com
1585.0,Peter Kent,pkent@stark.com,History,WA,963.25,,stark.com
1002.0,Wanda Jane,wjane@dailybugle.com,Unknown,NJ,1970.44,02/21/2023,dailybugle.com
1445.0,Alice Allen,aallen@outlook.com,Biology,FL,1610.78,,outlook.com
1237.0,Wanda Wayne,wwayne@dailybugle.com,Business,NY,771.75,,dailybugle.com
1495.0,Mary Jordan,mjordan@yahoo.com,Biology,NV,432.33,,yahoo.com
1781.0,Alice Allen,aallen@dailybugle.com,Unknown,WA,1408.44,,dailybugle.com
1327.0,Steve Smith,ssmith@outlook.com,History,NV,157.09,,outlook.com
1547.0,John Wayne,jwayne@edu.org,Agriculture,Unknown,857.9,,edu.org
1858.0,Alice Wayne,awayne@outlook.com,Unknown,NY,1049.13,,outlook.com
1529.0,Diana Brown,dbrown@stark.com,Business,NV,1566.95,,stark.com
1346.0,Sara Jane,sjane@outlook.com,Journalism,NY,554.57,07/18/2023,outlook.com
1883.0,Bruce Brown,bbrown@outlook.com,Agriculture,Unknown,1919.24,,outlook.com
1583.0,Steve Jane,sjane@skynet.com,Unknown,WA,124.8,,skynet.com
1587.0,Charlie Rogers,crogers@skynet.com,Agriculture,TX,1268.59,,skynet.com
1308.0,Bruce Wayne,bwayne@dailybugle.com,Physics,OR,947.69,,dailybugle.com
1059.0,Victor Connor,vconnor@stark.com,Agriculture,NJ,1493.12,02/28/2023,stark.com
1993.0,Mary Prince,mprince@yahoo.com,Art,NY,1392.16,02/28/2023,yahoo.com
1231.0,Diana Stone,dstone@yahoo.com,Unknown,Unknown,533.96,,yahoo.com
1629.0,Bob Doe,bdoe@gmail.com,Math,CA,1852.09,,gmail.com
1601.0,Hal Parker,hparker@gmail.com,Art,FL,1907.52,08/17/2023,gmail.com
1662.0,John Connor,jconnor@yahoo.com,Business,Unknown,333.87,,yahoo.com
1136.0,Clark Prince,cprince@gmail.com,History,NV,504.84,,gmail.com
1915.0,Bruce Smith,bsmith@skynet.com,Computer Science,CA,623.78,,skynet.com
1314.0,Charlie Parker,cparker@skynet.com,History,OR,907.48,,skynet.com
1106.0,Wanda Rogers,wrogers@yahoo.com,Journalism,Unknown,562.71,,yahoo.com
1823.0,Peter Jane,pjane@yahoo.com,Math,FL,973.07,08/10/2023,yahoo.com
1055.0,Victor Connor,vconnor@skynet.com,Unknown,NJ,919.14,,skynet.com
1120.0,John Kent,jkent@edu.org,Business,NJ,1380.58,06/01/2023,edu.org
1025.0,John Prince,jprince@edu.org,History,TX,1317.7,,edu.org
1072.0,Charlie Jordan,cjordan@edu.org,Journalism,NJ,1443.19,,edu.org
1549.0,Mary Brown,mbrown@gmail.com,Business,NJ,1400.32,04/24/2023,gmail.com
1044.0,Peter Stone,pstone@gmail.com,Engineering,AZ,1842.39,,gmail.com
1296.0,Mary Prince,mprince@stark.com,Computer Science,FL,1495.36,,stark.com
1247.0,John Jordan,jjordan@dailybugle.com,Journalism,AZ,1466.45,,dailybugle.com
1336.0,Charlie Stone,cstone@edu.org,Math,WA,710.61,,edu.org
1351.0,Barry Rogers,brogers@yahoo.com,Unknown,FL,978.47,,yahoo.com
1737.0,Bruce Curry,bcurry@gmail.com,Math,TX,357.59,12/11/2023,gmail.com
1420.0,Steve Smith,ssmith@gmail.com,Physics,Unknown,187.16,,gmail.com
1381.0,Steve Stone,sstone@outlook.com,Art,Unknown,519.07,03/16/2023,outlook.com
1694.0,Steve Connor,sconnor@outlook.com,Unknown,TX,1411.28,03/16/2023,outlook.com
1539.0,Bruce Prince,bprince@dailybugle.com,Unknown,NY,330.23,,dailybugle.com
1449.0,Mary Stone,mstone@outlook.com,Engineering,CA,1582.41,10/29/2023,outlook.com
1622.0,Diana Rogers,drogers@gmail.com,Biology,CA,99.8,,gmail.com
1209.0,Steve Allen,sallen@gmail.com,Engineering,NV,1525.84,,gmail.com
1554.0,John Connor,jconnor@gmail.com,Biology,FL,1481.43,,gmail.com
1636.0,Bob Smith,bsmith@stark.com,Biology,KS,215.32,,stark.com
1481.0,Barry Kent,bkent@yahoo.com,Agriculture,KS,852.2,07/29/2023,yahoo.com
1432.0,Steve Rogers,srogers@outlook.com,Unknown,WA,1958.97,,outlook.com
1626.0,Victor Jones,vjones@skynet.com,Physics,AZ,1755.61,,skynet.com
1901.0,Arthur Brown,abrown@yahoo.com,Business,Unknown,18.45,,yahoo.com
1666.0,Arthur Jane,ajane@outlook.com,Engineering,NY,1849.03,,outlook.com
1976.0,John Connor,jconnor@dailybugle.com,Math,WA,343.24,,dailybugle.com
1477.0,Arthur Parker,aparker@dailybugle.com,Unknown,Unknown,1848.31,,dailybugle.com
1332.0,Hal Curry,hcurry@dailybugle.com,Unknown,WA,1231.14,,dailybugle.com
1938.0,Arthur Doe,adoe@gmail.com,Art,Unknown,1375.91,02/20/2023,gmail.com
1700.0,Sara Smith,ssmith@dailybugle.com,Engineering,NV,1103.22,02/20/2023,dailybugle.com
1464.0,Steve Connor,sconnor@skynet.com,Unknown,Unknown,519.25,,skynet.com
1355.0,Arthur Jones,ajones@yahoo.com,Biology,Unknown,1582.1,,yahoo.com
1362.0,Clark Brown,cbrown@skynet.com,Art,AZ,1940.27,02/14/2023,skynet.com
1312.0,Charlie Jordan,cjordan@gmail.com,Physics,NY,182.38,11/21/2023,gmail.com
1318.0,Diana Stone,dstone@skynet.com,Math,OR,985.01,,skynet.com
1973.0,Sara Jane,sjane@stark.com,Journalism,Unknown,991.5,06/26/2023,stark.com
1380.0,Steve Jane,sjane@edu.org,History,Unknown,1529.44,,edu.org
1182.0,Alice Connor,aconnor@edu.org,Physics,TX,549.96,,edu.org
1716.0,Diana Wayne,dwayne@outlook.com,Physics,CA,1209.25,,outlook.com
1110.0,Diana Rogers,drogers@stark.com,Biology,NJ,1934.14,,stark.com
1530.0,Mary Parker,mparker@gmail.com,Journalism,Unknown,257.63,,gmail.com
1377.0,Hal Allen,hallen@dailybugle.com,Business,NJ,327.58,,dailybugle.com
1713.0,Diana Smith,dsmith@yahoo.com,Unknown,Unknown,1453.57,,yahoo.com
1872.0,Wanda Connor,wconnor@gmail.com,Engineering,AZ,1699.18,,gmail.com
1939.0,Barry Smith,bsmith@outlook.com,Computer Science,NV,1291.21,,outlook.com
1731.0,Barry Brown,bbrown@stark.com,Physics,OR,350.77,,stark.com
1292.0,Sara Stone,sstone@dailybugle.com,Computer Science,TX,1099.93,,dailybugle.com
1436.0,Peter Connor,pconnor@yahoo.com,Biology,KS,1761.81,,yahoo.com
1835.0,Steve Smith,ssmith@outlook.com,Business,Unknown,1531.07,,outlook.com
1307.0,Charlie Doe,cdoe@outlook.com,Engineering,FL,213.54,,outlook.com
1289.0,Diana Curry,dcurry@yahoo.com,History,Unknown,383.23,,yahoo.com
1968.0,Hal Jordan,hjordan@gmail.com,Unknown,AZ,669.68,,gmail.com
1215.0,Charlie Parker,cparker@outlook.com,Biology,NJ,1542.5,,outlook.com
1630.0,Clark Maximoff,cmaximoff@dailybugle.com,Unknown,Unknown,1489.2,,dailybugle.com
1280.0,Clark Stone,cstone@outlook.com,Agriculture,CA,304.3,,outlook.com
1673.0,Bruce Stone,bstone@stark.com,Agriculture,FL,57.93,,stark.com
1450.0,Diana Prince,dprince@stark.com,Unknown,NJ,1131.53,07/13/2023,stark.com
1298.0,Diana Jordan,djordan@gmail.com,Business,TX,1524.07,04/12/2023,gmail.com
1785.0,Bob Curry,bcurry@dailybugle.com,Physics,Unknown,1970.26,06/17/2023,dailybugle.com
1137.0,Wanda Wayne,wwayne@gmail.com,Business,CA,1273.5,02/12/2023,gmail.com
1305.0,Bruce Brown,bbrown@yahoo.com,Business,AZ,658.57,,yahoo.com
1807.0,Alice Curry,acurry@yahoo.com,Computer Science,KS,1166.9,09/01/2023,yahoo.com
1294.0,Clark Allen,callen@skynet.com,Unknown,Unknown,1780.65,,skynet.com
1599.0,Alice Jane,ajane@yahoo.com,Engineering,FL,1212.22,,yahoo.com
1581.0,Alice Smith,asmith@stark.com,Unknown,AZ,798.56,,stark.com
1029.0,Diana Wayne,dwayne@yahoo.com,Physics,NY,829.74,08/27/2023,yahoo.com
1165.0,Mary Jane,mjane@gmail.com,Biology,TX,880.2,,gmail.com
1310.0,Hal Curry,hcurry@edu.org,Biology,FL,1037.41,,edu.org
1685.0,Clark Rogers,crogers@skynet.com,Agriculture,Unknown,832.61,,skynet.com
1342.0,Barry Smith,bsmith@yahoo.com,Agriculture,NV,467.32,07/19/2023,yahoo.com
1605.0,Victor Stone,vstone@outlook.com,Computer Science,AZ,653.75,07/19/2023,outlook.com
1526.0,Charlie Jordan,cjordan@outlook.com,Physics,NY,1960.55,10/31/2023,outlook.com
1065.0,Charlie Brown,cbrown@yahoo.com,Unknown,FL,1177.71,10/31/2023,yahoo.com
1631.0,Steve Rogers,srogers@dailybugle.com,Business,NY,927.93,10/31/2023,dailybugle.com
1891.0,Clark Jane,cjane@edu.org,Computer Science,NV,725.99,,edu.org
1254.0,Sara Kent,skent@edu.org,Computer Science,Unknown,1045.42,12/17/2023,edu.org
1718.0,Wanda Stone,wstone@outlook.com,Agriculture,OR,421.27,12/11/2023,outlook.com
1770.0,Barry Jones,bjones@dailybugle.com,Agriculture,AZ,751.64,12/08/2023,dailybugle.com
1221.0,Mary Stone,mstone@skynet.com,Journalism,TX,966.16,07/30/2023,skynet.com
1235.0,Alice Brown,abrown@stark.com,Journalism,Unknown,1415.36,,stark.com
1429.0,Sara Parker,sparker@skynet.com,Unknown,CA,343.47,12/21/2023,skynet.com
1543.0,Wanda Rogers,wrogers@outlook.com,Physics,CA,202.68,,outlook.com
1588.0,Peter Stone,pstone@outlook.com,History,AZ,1910.21,,outlook.com
1972.0,Peter Parker,pparker@dailybugle.com,History,WA,217.43,02/10/2023,dailybugle.com
1249.0,Bruce Jones,bjones@edu.org,Biology,Unknown,1297.05,,edu.org
1578.0,Peter Jones,pjones@stark.com,Unknown,NJ,1094.27,02/14/2023,stark.com
1409.0,Hal Kent,hkent@stark.com,Agriculture,WA,1578.63,,stark.com
1071.0,Barry Jane,bjane@skynet.com,Engineering,Unknown,546.54,06/23/2023,skynet.com
1094.0,Diana Curry,dcurry@dailybugle.com,Agriculture,Unknown,1740.07,,dailybugle.com
1644.0,Charlie Jane,cjane@yahoo.com,Biology,NY,1177.23,,yahoo.com
1259.0,Mary Wayne,mwayne@stark.com,Biology,CA,1608.74,,stark.com
1204.0,Wanda Jordan,wjordan@skynet.com,Agriculture,KS,688.5,,skynet.com
1798.0,Alice Parker,aparker@yahoo.com,Engineering,KS,924.07,01/29/2023,yahoo.com
1620.0,Peter Jordan,pjordan@outlook.com,Journalism,WA,1178.3,05/22/2023,outlook.com
1365.0,John Rogers,jrogers@edu.org,Business,KS,1253.62,,edu.org
1077.0,Barry Allen,ballen@gmail.com,Unknown,AZ,305.74,,gmail.com
1084.0,Charlie Jordan,cjordan@gmail.com,History,AZ,569.86,,gmail.com
1994.0,Charlie Rogers,crogers@yahoo.com,Journalism,WA,832.17,,yahoo.com
1082.0,Diana Jordan,djordan@dailybugle.com,Math,Unknown,1340.91,01/10/2023,dailybugle.com
1525.0,Alice Prince,aprince@yahoo.com,History,CA,724.45,,yahoo.com
1439.0,Sara Prince,sprince@yahoo.com,Journalism,NY,1697.19,,yahoo.com
1567.0,Steve Stone,sstone@edu.org,Agriculture,OR,1064.95,,edu.org
1887.0,Hal Curry,hcurry@yahoo.com,History,Unknown,767.78,,yahoo.com
1331.0,Bruce Connor,bconnor@skynet.com,Journalism,OR,352.35,,skynet.com
1005.0,Bruce Kent,bkent@yahoo.com,Computer Science,NY,305.68,12/15/2023,yahoo.com
1479.0,Bob Rogers,brogers@stark.com,Math,NV,928.53,,stark.com
1104.0,Hal Prince,hprince@outlook.com,Journalism,KS,1468.4,,outlook.com
1097.0,Sara Rogers,srogers@stark.com,Agriculture,AZ,571.15,,stark.com
1832.0,Arthur Jordan,ajordan@skynet.com,Biology,CA,1445.55,,skynet.com
1787.0,Sara Brown,sbrown@outlook.com,Unknown,AZ,1036.98,,outlook.com
1424.0,Hal Jones,hjones@outlook.com,Business,NJ,1807.47,,outlook.com
1934.0,Arthur Maximoff,amaximoff@edu.org,Agriculture,NJ,1212.56,,edu.org
1281.0,Clark Brown,cbrown@yahoo.com,Unknown,WA,623.15,07/10/2023,yahoo.com
1266.0,Peter Wayne,pwayne@yahoo.com,Art,NY,239.76,12/06/2023,yahoo.com
1453.0,Steve Doe,sdoe@stark.com,Art,NV,1213.71,01/24/2023,stark.com
1359.0,Alice Smith,asmith@gmail.com,Unknown,Unknown,1074.72,01/15/2023,gmail.com
1490.0,Wanda Kent,wkent@skynet.com,Agriculture,CA,1474.58,08/22/2023,skynet.com
1991.0,Alice Jones,ajones@edu.org,Unknown,FL,214.44,,edu.org
1816.0,Mary Jane,mjane@gmail.com,Computer Science,Unknown,1583.19,,gmail.com
1118.0,Steve Brown,sbrown@yahoo.com,Engineering,CA,1473.24,,yahoo.com
1250.0,Clark Connor,cconnor@edu.org,History,KS,1634.47,,edu.org
1704.0,Clark Jordan,cjordan@skynet.com,Physics,CA,1940.65,,skynet.com
1009.0,Victor Parker,vparker@edu.org,Journalism,NV,902.97,02/02/2023,edu.org
1859.0,Charlie Curry,ccurry@dailybugle.com,Agriculture,TX,775.72,,dailybugle.com
1196.0,Barry Jordan,bjordan@skynet.com,Unknown,NY,171.41,10/05/2023,skynet.com
1652.0,Diana Curry,dcurry@stark.com,Art,Unknown,613.79,,stark.com
1081.0,Arthur Smith,asmith@gmail.com,Business,AZ,1746.56,,gmail.com
1447.0,Victor Jones,vjones@dailybugle.com,Art,WA,1744.03,11/22/2023,dailybugle.com
1533.0,Peter Allen,pallen@dailybugle.com,Business,NJ,1353.05,,dailybugle.com
1668.0,Diana Jane,djane@edu.org,Computer Science,NJ,1463.27,,edu.org
1239.0,Mary Parker,mparker@dailybugle.com,Biology,KS,75.77,,dailybugle.com
1211.0,Hal Prince,hprince@skynet.com,Agriculture,Unknown,1724.79,02/11/2023,skynet.com
1773.0,Wanda Smith,wsmith@skynet.com,Math,WA,1506.64,,skynet.com
1545.0,Charlie Allen,callen@yahoo.com,Physics,KS,1802.0,,yahoo.com
1227.0,Peter Jane,pjane@gmail.com,Biology,AZ,246.44,,gmail.com
1922.0,Bruce Rogers,brogers@gmail.com,Biology,NV,578.15,,gmail.com
1404.0,Victor Stone,vstone@outlook.com,Engineering,TX,1288.59,,outlook.com
1889.0,Bruce Maximoff,bmaximoff@dailybugle.com,Journalism,KS,1701.19,,dailybugle.com
1177.0,Victor Allen,vallen@gmail.com,Biology,TX,473.54,,gmail.com
1626.0,Victor Jones,vjones@skynet.com,Physics,AZ,1755.61,,skynet.com
1465.0,Clark Parker,cparker@gmail.com,Biology,KS,865.1,,gmail.com
1430.0,Steve Prince,sprince@stark.com,Physics,Unknown,381.6,,stark.com
1532.0,Steve Curry,scurry@dailybugle.com,Unknown,FL,73.47,,dailybugle.com
1695.0,Mary Smith,msmith@dailybugle.com,Biology,KS,1795.47,,dailybugle.com
1478.0,Arthur Stone,astone@stark.com,Unknown,NJ,1745.7,,stark.com
1688.0,Mary Brown,mbrown@skynet.com,Art,AZ,1336.99,,skynet.com
1007.0,Clark Connor,cconnor@outlook.com,Math,NV,1836.99,,outlook.com
1155.0,Wanda Rogers,wrogers@gmail.com,Math,OR,1131.3,,gmail.com
1357.0,Alice Connor,aconnor@outlook.com,Math,NY,1973.21,11/13/2023,outlook.com
1584.0,Peter Doe,pdoe@dailybugle.com,Physics,Unknown,810.14,12/31/2023,dailybugle.com
1223.0,Charlie Smith,csmith@stark.com,Agriculture,KS,1940.29,,stark.com
1329.0,Arthur Maximoff,amaximoff@stark.com,Art,Unknown,205.86,02/24/2023,stark.com
1633.0,Peter Allen,pallen@dailybugle.com,Art,TX,556.68,,dailybugle.com
1822.0,Wanda Brown,wbrown@edu.org,Physics,CA,868.76,,edu.org
1868.0,Clark Rogers,crogers@yahoo.com,Business,OR,1190.54,07/18/2023,yahoo.com
1096.0,Alice Brown,abrown@stark.com,Unknown,Unknown,733.9,,stark.com
1746.0,Arthur Jones,ajones@stark.com,Computer Science,OR,1220.06,,stark.com
1678.0,Victor Doe,vdoe@dailybugle.com,Business,AZ,1718.61,,dailybugle.com
1809.0,Mary Brown,mbrown@edu.org,Biology,KS,1861.88,04/04/2023,edu.org
1494.0,Charlie Curry,ccurry@dailybugle.com,Physics,NJ,1683.13,,dailybugle.com
1572.0,Clark Jones,cjones@edu.org,History,NV,1210.17,12/21/2023,edu.org
1628.0,Alice Parker,aparker@yahoo.com,Physics,NJ,1438.28,,yahoo.com
1762.0,Bob Connor,bconnor@stark.com,Biology,KS,1051.15,,stark.com
1958.0,Alice Stone,astone@edu.org,Physics,NV,1662.78,,edu.org
1163.0,Diana Connor,dconnor@outlook.com,Unknown,TX,103.57,,outlook.com
1228.0,Charlie Rogers,crogers@skynet.com,Physics,TX,1460.99,,skynet.com
1523.0,Alice Curry,acurry@stark.com,Agriculture,NJ,1968.78,,stark.com
1212.0,Sara Curry,scurry@edu.org,Computer Science,Unknown,867.42,,edu.org
1825.0,Victor Jane,vjane@stark.com,Physics,OR,126.25,,stark.com
1079.0,Bob Prince,bprince@edu.org,Biology,AZ,1303.67,,edu.org
1148.0,Arthur Stone,astone@outlook.com,Art,TX,689.93,,outlook.com
1302.0,Alice Kent,akent@edu.org,Biology,Unknown,1320.75,12/04/2023,edu.org
1448.0,Steve Stone,sstone@dailybugle.com,Math,Unknown,425.29,,dailybugle.com
1501.0,Bob Smith,bsmith@dailybugle.com,Agriculture,KS,268.53,,dailybugle.com
1548.0,Mary Kent,mkent@dailybugle.com,Computer Science,NV,1222.2,,dailybugle.com
1841.0,Victor Allen,vallen@yahoo.com,History,Unknown,1273.42,,yahoo.com
1493.0,Arthur Stone,astone@gmail.com,Agriculture,WA,1711.55,,gmail.com
1133.0,Charlie Doe,cdoe@yahoo.com,History,FL,998.6,12/17/2023,yahoo.com
1594.0,Charlie Jordan,cjordan@yahoo.com,Unknown,NV,236.75,,yahoo.com
1311.0,Alice Parker,aparker@edu.org,Biology,TX,927.16,,edu.org
1507.0,Bob Stone,bstone@skynet.com,Business,KS,1019.22,12/19/2023,skynet.com
1655.0,Bruce Smith,bsmith@dailybugle.com,Journalism,CA,1201.16,,dailybugle.com
1516.0,Alice Curry,acurry@edu.org,Agriculture,NY,1468.56,,edu.org
1849.0,Mary Rogers,mrogers@outlook.com,Math,FL,47.01,,outlook.com
1811.0,Diana Jones,djones@outlook.com,History,NV,1808.56,,outlook.com
1000.0,John Kent,jkent@gmail.com,Unknown,NV,1204.04,,gmail.com
1782.0,Diana Curry,dcurry@stark.com,Art,CA,1941.78,,stark.com
1382.0,Charlie Allen,callen@outlook.com,Computer Science,TX,1529.38,,outlook.com
1316.0,Sara Prince,sprince@dailybugle.com,Biology,Unknown,598.59,,dailybugle.com
1761.0,Barry Stone,bstone@yahoo.com,Computer Science,Unknown,1425.39,06/27/2023,yahoo.com
1591.0,Mary Maximoff,mmaximoff@yahoo.com,Agriculture,NY,391.12,03/05/2023,yahoo.com
1408.0,Alice Smith,asmith@skynet.com,Journalism,NY,1069.82,08/15/2023,skynet.com
1125.0,Charlie Wayne,cwayne@dailybugle.com,Business,FL,495.02,,dailybugle.com
1696.0,John Jordan,jjordan@gmail.com,Biology,FL,1377.43,,gmail.com
1499.0,Victor Prince,vprince@gmail.com,Business,TX,664.09,12/19/2023,gmail.com
1971.0,Bob Rogers,brogers@yahoo.com,Art,Unknown,1555.48,,yahoo.com
1090.0,John Jordan,jjordan@dailybugle.com,Unknown,KS,482.25,,dailybugle.com
1811.0,Diana Jones,djones@outlook.com,History,NV,1808.56,,outlook.com
1181.0,Barry Jones,bjones@yahoo.com,Agriculture,NY,1810.16,,yahoo.com
1363.0,Peter Rogers,progers@outlook.com,History,AZ,1892.5,01/03/2023,outlook.com
1274.0,Clark Maximoff,cmaximoff@yahoo.com,Biology,Unknown,469.25,,yahoo.com
1752.0,Victor Jordan,vjordan@edu.org,Engineering,NY,1300.87,,edu.org
1962.0,Diana Doe,ddoe@yahoo.com,Unknown,FL,588.86,08/09/2023,yahoo.com
1069.0,Wanda Jordan,wjordan@dailybugle.com,Computer Science,Unknown,170.73,,dailybugle.com
1291.0,Alice Kent,akent@yahoo.com,Computer Science,Unknown,462.04,,yahoo.com
1131.0,Steve Parker,sparker@yahoo.com,Computer Science,OR,1828.88,,yahoo.com
1300.0,Wanda Brown,wbrown@gmail.com,History,TX,1737.5,01/08/2023,gmail.com
1712.0,Alice Maximoff,amaximoff@edu.org,Engineering,CA,1085.5,07/02/2023,edu.org
1326.0,Mary Parker,mparker@dailybugle.com,Art,NY,622.76,10/04/2023,dailybugle.com
1144.0,Bruce Rogers,brogers@edu.org,Art,KS,880.45,,edu.org
1521.0,Arthur Allen,aallen@gmail.com,Math,KS,289.4,04/23/2023,gmail.com
1963.0,Alice Stone,astone@dailybugle.com,Unknown,CA,1283.87,04/21/2023,dailybugle.com
1886.0,Barry Smith,bsmith@edu.org,Biology,NV,1457.33,,edu.org
1135.0,Bruce Jones,bjones@skynet.com,Art,OR,31.46,,skynet.com
1996.0,Charlie Prince,cprince@outlook.com,Unknown,CA,1764.98,06/07/2023,outlook.com
1722.0,Wanda Prince,wprince@outlook.com,Unknown,OR,1312.38,02/20/2023,outlook.com
1164.0,Bob Jane,bjane@gmail.com,Computer Science,WA,1388.06,04/28/2023,gmail.com
1028.0,Wanda Stone,wstone@edu.org,History,NJ,1531.63,,edu.org
1193.0,Hal Connor,hconnor@skynet.com,Agriculture,WA,1884.88,,skynet.com
1902.0,John Jane,jjane@outlook.com,Math,WA,1779.17,,outlook.com
1813.0,Hal Jordan,hjordan@stark.com,Business,KS,264.68,,stark.com
1433.0,Diana Smith,dsmith@dailybugle.com,Unknown,Unknown,1152.81,,dailybugle.com
1987.0,Diana Connor,dconnor@stark.com,History,FL,1092.36,,stark.com
1169.0,Hal Prince,hprince@dailybugle.com,Math,TX,554.94,,dailybugle.com
1541.0,Barry Wayne,bwayne@yahoo.com,Math,TX,150.24,09/21/2023,yahoo.com
1140.0,Bob Allen,ballen@stark.com,Engineering,OR,981.21,07/12/2023,stark.com
1820.0,Wanda Doe,wdoe@dailybugle.com,Computer Science,KS,901.57,09/03/2023,dailybugle.com
1535.0,Bob Curry,bcurry@stark.com,Engineering,Unknown,754.31,,stark.com
1961.0,Victor Jordan,vjordan@skynet.com,Math,AZ,768.2,,skynet.com
1855.0,Sara Jordan,sjordan@dailybugle.com,Computer Science,Unknown,278.41,,dailybugle.com
1073.0,Charlie Connor,cconnor@edu.org,Business,NV,227.64,,edu.org
1737.0,Bruce Curry,bcurry@gmail.com,Math,TX,357.59,12/11/2023,gmail.com
1527.0,Hal Wayne,hwayne@stark.com,Computer Science,WA,550.43,12/11/2023,stark.com
1238.0,Barry Maximoff,bmaximoff@gmail.com,Math,NY,421.56,,gmail.com
1145.0,Arthur Parker,aparker@outlook.com,Business,AZ,399.6,,outlook.com
1234.0,Bob Connor,bconnor@gmail.com,Math,TX,1167.97,06/19/2023,gmail.com
1220.0,Clark Jones,cjones@stark.com,Agriculture,TX,226.11,,stark.com
1214.0,Alice Prince,aprince@dailybugle.com,Journalism,OR,718.5,,dailybugle.com
1711.0,Barry Jane,bjane@yahoo.com,Unknown,AZ,515.67,,yahoo.com
1132.0,Arthur Prince,aprince@gmail.com,Agriculture,KS,1828.66,,gmail.com
1601.0,Hal Parker,hparker@gmail.com,Art,FL,1907.52,08/17/2023,gmail.com
1906.0,Mary Wayne,mwayne@gmail.com,Computer Science,FL,1893.16,,gmail.com
1707.0,Diana Stone,dstone@dailybugle.com,Art,Unknown,1771.18,05/01/2023,dailybugle.com
1422.0,Mary Curry,mcurry@dailybugle.com,Art,KS,1939.54,08/20/2023,dailybugle.com
1185.0,Barry Wayne,bwayne@stark.com,History,WA,709.61,,stark.com
1041.0,Alice Kent,akent@gmail.com,Biology,AZ,1898.25,,gmail.com
1767.0,Arthur Doe,adoe@yahoo.com,Engineering,NV,1485.82,,yahoo.com
1108.0,Mary Brown,mbrown@stark.com,Unknown,WA,1000.16,,stark.com
1635.0,Sara Wayne,swayne@stark.com,History,Unknown,1761.51,,stark.com
1056.0,Sara Jones,sjones@edu.org,History,OR,213.31,,edu.org
1482.0,Clark Jordan,cjordan@stark.com,Math,NJ,1853.21,02/06/2023,stark.com
1753.0,Arthur Smith,asmith@yahoo.com,Biology,Unknown,1604.76,,yahoo.com
1793.0,Alice Jordan,ajordan@dailybugle.com,Journalism,WA,1653.14,,dailybugle.com
1468.0,Bruce Jane,bjane@gmail.com,Art,NY,1250.7,,gmail.com
1435.0,Wanda Brown,wbrown@stark.com,Journalism,TX,1243.68,,stark.com
1024.0,Mary Prince,mprince@dailybugle.com,Physics,WA,1354.64,,dailybugle.com
1549.0,Mary Brown,mbrown@gmail.com,Business,NJ,1400.32,04/24/2023,gmail.com
1518.0,John Connor,jconnor@dailybugle.com,Agriculture,NY,1330.95,,dailybugle.com
1837.0,Diana Kent,dkent@stark.com,Journalism,NJ,785.26,,stark.com
1667.0,Sara Doe,sdoe@edu.org,Biology,NJ,1883.61,,edu.org
1174.0,Alice Connor,aconnor@stark.com,Journalism,Unknown,913.49,,stark.com
1997.0,Bruce Jones,bjones@stark.com,History,Unknown,679.86,,stark.com
1051.0,Hal Maximoff,hmaximoff@yahoo.com,Business,Unknown,1489.41,07/15/2023,yahoo.com
1383.0,Diana Kent,dkent@stark.com,Unknown,Unknown,562.84,07/30/2023,stark.com
1861.0,Arthur Jordan,ajordan@skynet.com,History,TX,958.73,,skynet.com
1989.0,Barry Jane,bjane@outlook.com,Unknown,NV,525.7,10/14/2023,outlook.com
1682.0,Arthur Brown,abrown@dailybugle.com,Math,NV,999.63,05/01/2023,dailybugle.com
1995.0,Wanda Maximoff,wmaximoff@skynet.com,Art,KS,1593.2,,skynet.com
1264.0,Arthur Maximoff,amaximoff@gmail.com,Business,FL,1353.83,06/11/2023,gmail.com
1708.0,John Jordan,jjordan@yahoo.com,Unknown,NY,679.17,,yahoo.com
1765.0,Diana Parker,dparker@stark.com,Physics,TX,1529.19,05/05/2023,stark.com
1736.0,Wanda Parker,wparker@outlook.com,Art,TX,657.28,,outlook.com
1444.0,Peter Jones,pjones@gmail.com,Math,FL,1664.46,,gmail.com
1558.0,John Allen,jallen@dailybugle.com,Art,OR,441.28,,dailybugle.com
1176.0,John Jordan,jjordan@skynet.com,Business,CA,1945.12,,skynet.com
1018.0,Steve Kent,skent@stark.com,Biology,TX,1274.23,,stark.com
1979.0,Charlie Doe,cdoe@yahoo.com,Journalism,TX,172.38,12/04/2023,yahoo.com
1538.0,Clark Smith,csmith@dailybugle.com,Agriculture,KS,1596.94,,dailybugle.com
1613.0,Mary Jones,mjones@edu.org,Computer Science,Unknown,765.05,,edu.org
1590.0,Victor Jordan,vjordan@gmail.com,Computer Science,Unknown,32.85,02/23/2023,gmail.com
1083.0,Peter Curry,pcurry@gmail.com,Computer Science,NV,1670.24,,gmail.com
1061.0,Barry Jane,bjane@dailybugle.com,Unknown,NJ,1298.48,,dailybugle.com
1514.0,Clark Rogers,crogers@stark.com,Journalism,WA,1221.62,,stark.com
1272.0,Clark Allen,callen@stark.com,Journalism,OR,1549.49,02/10/2023,stark.com
1360.0,Bruce Maximoff,bmaximoff@stark.com,Unknown,FL,1475.5,,stark.com
1354.0,Mary Rogers,mrogers@edu.org,Business,AZ,1091.77,,edu.org
1951.0,Alice Jones,ajones@edu.org,Unknown,WA,1557.83,,edu.org
1278.0,Charlie Allen,callen@outlook.com,Unknown,NJ,1194.01,10/08/2023,outlook.com
1368.0,Victor Kent,vkent@dailybugle.com,Math,OR,1241.9,,dailybugle.com
1664.0,Victor Prince,vprince@yahoo.com,Art,OR,758.75,,yahoo.com
1618.0,Sara Brown,sbrown@edu.org,Math,OR,507.07,06/30/2023,edu.org
1589.0,Mary Rogers,mrogers@skynet.com,Journalism,Unknown,351.63,,skynet.com
1657.0,Barry Rogers,brogers@outlook.com,Art,Unknown,1218.08,,outlook.com
1761.0,Barry Stone,bstone@yahoo.com,Computer Science,Unknown,1425.39,06/27/2023,yahoo.com
1456.0,Bruce Rogers,brogers@gmail.com,Math,OR,57.81,,gmail.com
1393.0,Steve Wayne,swayne@edu.org,Physics,KS,305.47,,edu.org
1684.0,Victor Jordan,vjordan@skynet.com,Art,TX,580.39,,skynet.com
1723.0,Victor Stone,vstone@gmail.com,History,OR,1368.73,,gmail.com
1375.0,Alice Brown,abrown@outlook.com,Unknown,Unknown,1282.63,,outlook.com
1412.0,Charlie Stone,cstone@yahoo.com,Journalism,FL,168.8,,yahoo.com
1074.0,Diana Smith,dsmith@stark.com,Journalism,Unknown,994.77,03/08/2023,stark.com
1947.0,Sara Prince,sprince@edu.org,Engineering,NV,1151.42,,edu.org
1500.0,Steve Jones,sjones@skynet.com,Biology,AZ,1517.88,,skynet.com
1604.0,Wanda Curry,wcurry@skynet.com,History,Unknown,556.1,,skynet.com
1114.0,Hal Jordan,hjordan@gmail.com,Computer Science,OR,1311.94,,gmail.com
1417.0,Alice Doe,adoe@skynet.com,Unknown,TX,1007.49,,skynet.com
1089.0,Steve Doe,sdoe@edu.org,Unknown,AZ,833.14,,edu.org
1990.0,Steve Prince,sprince@stark.com,Unknown,OR,329.63,12/27/2023,stark.com
1874.0,Hal Maximoff,hmaximoff@stark.com,History,WA,548.28,04/29/2023,stark.com
1660.0,Mary Wayne,mwayne@dailybugle.com,History,WA,459.53,,dailybugle.com
1011.0,Steve Stone,sstone@dailybugle.com,Computer Science,Unknown,1456.43,,dailybugle.com
1396.0,Alice Jordan,ajordan@gmail.com,Unknown,Unknown,1673.87,,gmail.com
1575.0,John Allen,jallen@stark.com,Journalism,NY,662.64,,stark.com
1042.0,Bruce Jordan,bjordan@skynet.com,Art,NY,1895.18,,skynet.com
1167.0,John Prince,jprince@edu.org,History,AZ,142.02,,edu.org
1416.0,Arthur Jordan,ajordan@gmail.com,Unknown,Unknown,665.73,,gmail.com
1967.0,Clark Jordan,cjordan@dailybugle.com,Biology,TX,956.83,,dailybugle.com
1426.0,Charlie Rogers,crogers@edu.org,Agriculture,TX,1368.63,,edu.org
1544.0,Victor Jane,vjane@edu.org,Engineering,TX,1072.85,,edu.org
1346.0,Sara Jane,sjane@outlook.com,Journalism,NY,554.57,07/18/2023,outlook.com
1904.0,Bruce Curry,bcurry@dailybugle.com,Engineering,CA,1061.49,,dailybugle.com
1661.0,Victor Brown,vbrown@gmail.com,Unknown,TX,1152.02,,gmail.com
1335.0,Hal Allen,hallen@gmail.com,Unknown,Unknown,1442.68,,gmail.com
1015.0,Bruce Smith,bsmith@yahoo.com,Journalism,WA,261.76,08/23/2023,yahoo.com
1678.0,Victor Doe,vdoe@dailybugle.com,Business,AZ,1718.61,,dailybugle.com
1324.0,Mary Brown,mbrown@outlook.com,Art,KS,933.75,,outlook.com
1817.0,Peter Rogers,progers@edu.org,Art,CA,885.03,,edu.org
1179.0,Mary Jones,mjones@stark.com,Physics,Unknown,496.44,,stark.com
1099.0,Bruce Jane,bjane@gmail.com,Art,NV,259.54,02/03/2023,gmail.com
1521.0,Arthur Allen,aallen@gmail.com,Math,KS,289.4,04/23/2023,gmail.com
1022.0,Clark Allen,callen@gmail.com,Engineering,NJ,76.51,,gmail.com
1720.0,John Prince,jprince@skynet.com,Computer Science,Unknown,436.61,,skynet.com
1927.0,Bruce Curry,bcurry@yahoo.com,Math,Unknown,152.54,,yahoo.com
1757.0,Mary Rogers,mrogers@skynet.com,Unknown,FL,1318.42,,skynet.com
1340.0,Charlie Jones,cjones@stark.com,Computer Science,AZ,1477.93,,stark.com
1431.0,Peter Rogers,progers@gmail.com,Agriculture,Unknown,843.76,,gmail.com
1595.0,Clark Connor,cconnor@dailybugle.com,Physics,Unknown,1415.15,,dailybugle.com
1203.0,Alice Connor,aconnor@yahoo.com,History,FL,66.14,,yahoo.com
1760.0,Wanda Kent,wkent@yahoo.com,Agriculture,OR,1326.5,,yahoo.com
1093.0,Hal Maximoff,hmaximoff@outlook.com,Math,NY,1454.16,,outlook.com
1602.0,Arthur Jane,ajane@edu.org,Biology,NJ,1173.74,,edu.org
1068.0,Arthur Jordan,ajordan@gmail.com,Computer Science,NV,1441.68,,gmail.com
1953.0,Steve Kent,skent@gmail.com,History,AZ,1584.17,,gmail.com
1284.0,Alice Jane,ajane@yahoo.com,Journalism,Unknown,1588.78,,yahoo.com
1865.0,Barry Prince,bprince@skynet.com,History,TX,1604.49,,skynet.com
1434.0,Steve Jane,sjane@outlook.com,Agriculture,FL,1015.27,12/17/2023,outlook.com
1153.0,Bob Brown,bbrown@edu.org,Art,TX,973.34,,edu.org
1075.0,Barry Jones,bjones@skynet.com,Business,WA,579.03,,skynet.com
1788.0,Arthur Maximoff,amaximoff@gmail.com,Computer Science,KS,282.76,,gmail.com
1580.0,Barry Prince,bprince@outlook.com,Art,KS,166.98,,outlook.com
1446.0,Bruce Allen,ballen@skynet.com,Computer Science,AZ,385.11,,skynet.com
1188.0,Barry Jones,bjones@yahoo.com,Business,OR,1298.36,,yahoo.com
1271.0,Steve Prince,sprince@yahoo.com,Agriculture,NY,899.71,07/04/2023,yahoo.com
1236.0,Sara Stone,sstone@outlook.com,History,AZ,1061.0,07/04/2023,outlook.com
1487.0,Hal Jordan,hjordan@gmail.com,Agriculture,NJ,186.48,,gmail.com
1559.0,Hal Brown,hbrown@edu.org,Physics,TX,377.72,,edu.org
1117.0,Alice Connor,aconnor@stark.com,Engineering,CA,596.78,,stark.com
1880.0,Barry Kent,bkent@dailybugle.com,Biology,Unknown,754.85,,dailybugle.com
1512.0,Sara Parker,sparker@edu.org,Art,Unknown,1272.87,02/13/2023,edu.org
1597.0,Clark Jones,cjones@edu.org,Computer Science,Unknown,564.93,02/13/2023,edu.org
1643.0,Bruce Doe,bdoe@dailybugle.com,Biology,CA,774.25,03/06/2023,dailybugle.com
1126.0,Mary Smith,msmith@yahoo.com,Unknown,OR,1195.57,,yahoo.com
1116.0,Sara Stone,sstone@dailybugle.com,Engineering,CA,1815.87,,dailybugle.com
1473.0,Alice Stone,astone@outlook.com,Agriculture,OR,1199.52,,outlook.com
1057.0,Diana Doe,ddoe@skynet.com,Biology,OR,1665.68,,skynet.com
1728.0,Bob Maximoff,bmaximoff@outlook.com,Journalism,NJ,1136.46,,outlook.com
1980.0,Wanda Jane,wjane@gmail.com,Physics,WA,1937.83,,gmail.com
1369.0,Bob Parker,bparker@gmail.com,Unknown,TX,992.66,,gmail.com
1268.0,Alice Allen,aallen@dailybugle.com,Unknown,WA,1162.02,,dailybugle.com
1046.0,Sara Rogers,srogers@gmail.com,Business,NY,1715.47,12/22/2023,gmail.com
1349.0,Steve Rogers,srogers@gmail.com,Agriculture,Unknown,1070.61,,gmail.com
1102.0,Clark Brown,cbrown@skynet.com,Physics,AZ,1441.27,,skynet.com
1899.0,Peter Rogers,progers@gmail.com,Unknown,NJ,779.12,,gmail.com
1745.0,Clark Doe,cdoe@skynet.com,Art,CA,1919.58,,skynet.com
1893.0,Steve Jordan,sjordan@skynet.com,Journalism,KS,1186.89,,skynet.com
1263.0,Hal Doe,hdoe@gmail.com,Engineering,AZ,500.28,,gmail.com
1443.0,Wanda Allen,wallen@outlook.com,Unknown,WA,1450.2,,outlook.com
1341.0,Bruce Rogers,brogers@stark.com,Business,FL,1321.33,,stark.com
1936.0,Bruce Brown,bbrown@skynet.com,Journalism,NY,519.32,,skynet.com
1313.0,Hal Connor,hconnor@yahoo.com,Physics,CA,839.16,,yahoo.com
1149.0,Bob Jane,bjane@outlook.com,History,KS,952.33,12/23/2023,outlook.com
1124.0,Bob Rogers,brogers@edu.org,Business,NV,265.98,,edu.org
1846.0,Charlie Curry,ccurry@gmail.com,Physics,NV,1265.39,,gmail.com
1885.0,Diana Connor,dconnor@gmail.com,Math,OR,806.82,08/24/2023,gmail.com
1050.0,Charlie Jones,cjones@outlook.com,Art,OR,1730.52,09/05/2023,outlook.com
1353.0,John Rogers,jrogers@gmail.com,Biology,NY,912.37,09/05/2023,gmail.com
1998.0,Sara Jane,sjane@skynet.com,Agriculture,Unknown,1926.19,04/24/2023,skynet.com
1142.0,Mary Brown,mbrown@gmail.com,Unknown,AZ,1196.09,04/24/2023,gmail.com
1470.0,Hal Jane,hjane@edu.org,Business,AZ,202.56,,edu.org
1399.0,Mary Parker,mparker@skynet.com,Business,NY,1680.76,,skynet.com
1929.0,Wanda Parker,wparker@stark.com,History,Unknown,1377.99,,stark.com
1019.0,John Jane,jjane@skynet.com,Business,Unknown,616.52,,skynet.com
1907.0,Sara Prince,sprince@outlook.com,Unknown,NJ,1995.77,,outlook.com
1850.0,Bob Jones,bjones@dailybugle.com,Journalism,FL,607.57,,dailybugle.com
1894.0,John Brown,jbrown@gmail.com,Biology,Unknown,1967.4,,gmail.com
1407.0,Wanda Stone,wstone@skynet.com,History,TX,726.0,,skynet.com
1537.0,Hal Connor,hconnor@skynet.com,Unknown,Unknown,1027.13,,skynet.com
1038.0,Steve Rogers,srogers@dailybugle.com,Agriculture,KS,851.01,06/19/2023,dailybugle.com
1175.0,Bruce Maximoff,bmaximoff@yahoo.com,Unknown,FL,1083.09,,yahoo.com
1245.0,Diana Brown,dbrown@gmail.com,History,WA,553.36,,gmail.com
1892.0,Bruce Connor,bconnor@gmail.com,Business,OR,1956.72,,gmail.com
1721.0,Hal Stone,hstone@stark.com,Computer Science,KS,1004.61,,stark.com
1943.0,Wanda Allen,wallen@gmail.com,Unknown,NY,1730.5,,gmail.com
1154.0,Sara Rogers,srogers@gmail.com,History,NV,1010.88,12/17/2023,gmail.com
1638.0,John Allen,jallen@yahoo.com,Math,FL,1140.74,06/30/2023,yahoo.com
1287.0,Steve Parker,sparker@outlook.com,Art,NV,320.69,,outlook.com
1625.0,Wanda Connor,wconnor@skynet.com,Journalism,WA,933.11,,skynet.com
1741.0,Wanda Kent,wkent@gmail.com,Business,NV,1478.03,,gmail.com
1569.0,Victor Wayne,vwayne@edu.org,Business,NY,1325.49,,edu.org
1801.0,Bruce Smith,bsmith@outlook.com,Business,FL,1365.76,,outlook.com
1017.0,John Prince,jprince@gmail.com,Physics,AZ,421.26,,gmail.com
1322.0,John Curry,jcurry@yahoo.com,Engineering,KS,1419.68,02/14/2023,yahoo.com
1255.0,Mary Connor,mconnor@edu.org,Art,CA,1793.94,11/29/2023,edu.org
1790.0,Wanda Parker,wparker@edu.org,Unknown,AZ,777.62,,edu.org
1499.0,Victor Prince,vprince@gmail.com,Business,TX,664.09,12/19/2023,gmail.com
1190.0,Alice Connor,aconnor@edu.org,Unknown,FL,693.62,,edu.org
1115.0,Clark Brown,cbrown@gmail.com,Unknown,OR,201.09,,gmail.com
1665.0,Mary Wayne,mwayne@outlook.com,Physics,CA,1627.97,04/18/2023,outlook.com
1180.0,Sara Doe,sdoe@edu.org,Unknown,NY,23.91,,edu.org
1301.0,Diana Maximoff,dmaximoff@skynet.com,Engineering,AZ,1459.85,,skynet.com
1829.0,Arthur Parker,aparker@dailybugle.com,Unknown,NV,1597.7,07/12/2023,dailybugle.com
1900.0,Arthur Maximoff,amaximoff@stark.com,Physics,Unknown,1566.41,07/12/2023,stark.com
1780.0,Steve Curry,scurry@outlook.com,Biology,OR,994.27,07/12/2023,outlook.com
1739.0,Peter Brown,pbrown@outlook.com,Agriculture,WA,1559.51,05/15/2023,outlook.com
1715.0,Bob Curry,bcurry@gmail.com,Engineering,NY,1673.71,,gmail.com
1517.0,Alice Brown,abrown@edu.org,Agriculture,FL,486.71,,edu.org
1045.0,Clark Rogers,crogers@gmail.com,Unknown,AZ,1174.25,,gmail.com
1977.0,Wanda Wayne,wwayne@gmail.com,Physics,KS,816.85,,gmail.com
1157.0,Wanda Kent,wkent@stark.com,Journalism,AZ,1265.54,,stark.com
1802.0,Steve Brown,sbrown@outlook.com,Journalism,WA,1610.9,08/24/2023,outlook.com
1016.0,Bob Doe,bdoe@skynet.com,Journalism,FL,739.05,,skynet.com
1048.0,Peter Kent,pkent@gmail.com,Unknown,FL,1419.57,,gmail.com
1734.0,Sara Smith,ssmith@yahoo.com,Biology,FL,1171.35,,yahoo.com
1740.0,Diana Allen,dallen@edu.org,Business,Unknown,1879.97,07/29/2023,edu.org
1480.0,Steve Rogers,srogers@yahoo.com,Agriculture,WA,437.19,,yahoo.com
1283.0,Bruce Jordan,bjordan@edu.org,Computer Science,FL,945.65,,edu.org
1774.0,Arthur Allen,aallen@stark.com,Computer Science,KS,1243.6,,stark.com
1706.0,Mary Rogers,mrogers@stark.com,History,NY,775.15,03/10/2023,stark.com
1225.0,Diana Parker,dparker@stark.com,Math,AZ,946.27,,stark.com
1026.0,Bruce Prince,bprince@edu.org,Art,WA,988.75,,edu.org
1842.0,Sara Doe,sdoe@gmail.com,Agriculture,Unknown,1383.6,,gmail.com
1437.0,Alice Jones,ajones@outlook.com,Biology,NV,534.98,,outlook.com
1371.0,Arthur Rogers,arogers@outlook.com,Engineering,NJ,453.56,,outlook.com
1229.0,Arthur Jordan,ajordan@edu.org,Engineering,TX,276.36,,edu.org
1037.0,Hal Curry,hcurry@outlook.com,Engineering,NV,1896.13,07/28/2023,outlook.com
1669.0,Bruce Jones,bjones@gmail.com,Math,NV,1322.26,,gmail.com
1374.0,Arthur Brown,abrown@edu.org,Art,AZ,1457.09,,edu.org
1469.0,Hal Curry,hcurry@stark.com,Engineering,WA,131.58,,stark.com
1198.0,Charlie Jane,cjane@stark.com,Biology,WA,403.84,,stark.com
1687.0,Clark Prince,cprince@skynet.com,Engineering,FL,154.95,,skynet.com
1916.0,Alice Brown,abrown@gmail.com,Journalism,NY,528.56,,gmail.com
1758.0,Bruce Wayne,bwayne@stark.com,Journalism,TX,1158.74,,stark.com
1783.0,Bob Jones,bjones@skynet.com,Physics,CA,1298.81,03/03/2023,skynet.com
1194.0,Peter Parker,pparker@outlook.com,Biology,NV,1679.71,03/03/2023,outlook.com
1920.0,Bruce Smith,bsmith@outlook.com,Art,Unknown,420.41,03/03/2023,outlook.com
1930.0,Steve Parker,sparker@skynet.com,Art,WA,1392.76,,skynet.com
1503.0,Bob Parker,bparker@yahoo.com,History,NY,852.48,,yahoo.com
1687.0,Clark Prince,cprince@skynet.com,Engineering,FL,154.95,,skynet.com
1895.0,Bob Smith,bsmith@skynet.com,Unknown,TX,1794.11,,skynet.com
1579.0,Sara Prince,sprince@outlook.com,Engineering,OR,1300.58,,outlook.com
1160.0,Victor Jordan,vjordan@skynet.com,Journalism,OR,654.58,,skynet.com
1680.0,John Rogers,jrogers@yahoo.com,Biology,FL,894.17,,yahoo.com
1162.0,Alice Jane,ajane@stark.com,Agriculture,Unknown,1916.06,,stark.com
1705.0,Sara Maximoff,smaximoff@gmail.com,History,FL,308.28,,gmail.com
1756.0,Mary Rogers,mrogers@stark.com,Biology,OR,1799.1,,stark.com
1152.0,Sara Allen,sallen@skynet.com,Computer Science,OR,1234.73,,skynet.com
1800.0,Victor Doe,vdoe@yahoo.com,History,Unknown,6.84,,yahoo.com
1754.0,Sara Stone,sstone@gmail.com,Biology,NJ,807.31,,gmail.com
1814.0,Clark Jones,cjones@stark.com,Computer Science,Unknown,257.05,,stark.com
1111.0,Steve Connor,sconnor@stark.com,Biology,NY,381.57,,stark.com
1226.0,Bruce Doe,bdoe@dailybugle.com,Unknown,OR,280.9,,dailybugle.com
1883.0,Bruce Brown,bbrown@outlook.com,Agriculture,Unknown,1919.24,,outlook.com
1103.0,Bob Smith,bsmith@stark.com,Art,OR,1777.99,,stark.com
1421.0,Clark Parker,cparker@gmail.com,Agriculture,KS,51.92,,gmail.com
1419.0,Sara Curry,scurry@yahoo.com,Unknown,CA,940.5,08/28/2023,yahoo.com
1808.0,Diana Jane,djane@gmail.com,Art,NV,1104.64,,gmail.com
1586.0,Hal Doe,hdoe@dailybugle.com,Art,Unknown,1328.13,,dailybugle.com
1076.0,Wanda Allen,wallen@stark.com,Journalism,TX,152.76,,stark.com
1672.0,Diana Wayne,dwayne@skynet.com,Agriculture,FL,224.73,05/28/2023,skynet.com
1119.0,Hal Stone,hstone@edu.org,History,Unknown,767.15,,edu.org
1151.0,Hal Doe,hdoe@edu.org,Unknown,NJ,1504.65,,edu.org
1403.0,Bob Parker,bparker@dailybugle.com,Business,TX,383.83,06/08/2023,dailybugle.com
1280.0,Clark Stone,cstone@outlook.com,Agriculture,CA,304.3,,outlook.com
1207.0,Barry Prince,bprince@outlook.com,Engineering,NV,1530.95,11/04/2023,outlook.com
1658.0,Barry Parker,bparker@stark.com,Computer Science,FL,1130.8,,stark.com
1909.0,Clark Jones,cjones@skynet.com,Computer Science,TX,291.63,,skynet.com
1978.0,John Rogers,jrogers@dailybugle.com,Computer Science,CA,805.32,,dailybugle.com
1008.0,Diana Wayne,dwayne@stark.com,Unknown,TX,256.78,,stark.com
1869.0,Mary Allen,mallen@outlook.com,Unknown,TX,1567.74,12/18/2023,outlook.com
1036.0,Barry Maximoff,bmaximoff@edu.org,Art,FL,1661.46,,edu.org
1651.0,Wanda Stone,wstone@edu.org,History,Unknown,30.37,,edu.org
1253.0,Sara Jordan,sjordan@gmail.com,Art,OR,341.13,,gmail.com
1303.0,Diana Jordan,djordan@edu.org,Math,Unknown,397.75,,edu.org
1910.0,Barry Doe,bdoe@yahoo.com,Art,AZ,1495.47,,yahoo.com
1571.0,Diana Jane,djane@edu.org,Agriculture,NJ,1838.3,,edu.org
1623.0,Charlie Jones,cjones@outlook.com,Agriculture,FL,1623.42,08/05/2023,outlook.com
1764.0,Victor Parker,vparker@skynet.com,Agriculture,TX,1443.1,,skynet.com
1992.0,Victor Rogers,vrogers@stark.com,Journalism,Unknown,1919.6,,stark.com
1262.0,Hal Jordan,hjordan@skynet.com,Math,KS,694.95,,skynet.com
1610.0,Steve Kent,skent@outlook.com,History,FL,1389.93,,outlook.com
1297.0,Alice Prince,aprince@yahoo.com,Unknown,WA,1942.08,,yahoo.com
1414.0,Mary Doe,mdoe@gmail.com,History,NJ,575.92,03/08/2023,gmail.com
1848.0,Barry Jordan,bjordan@dailybugle.com,Computer Science,OR,311.4,,dailybugle.com
1640.0,Diana Kent,dkent@gmail.com,History,AZ,1000.09,,gmail.com
1956.0,Victor Stone,vstone@dailybugle.com,Unknown,CA,1877.69,,dailybugle.com
1550.0,Victor Smith,vsmith@outlook.com,Physics,Unknown,104.26,,outlook.com
1851.0,Steve Smith,ssmith@edu.org,Art,OR,1989.28,,edu.org
1488.0,Steve Doe,sdoe@yahoo.com,Math,Unknown,114.91,03/29/2023,yahoo.com
1710.0,Hal Maximoff,hmaximoff@outlook.com,Computer Science,OR,1004.12,12/31/2023,outlook.com
1147.0,Hal Stone,hstone@gmail.com,Journalism,AZ,88.59,,gmail.com
1146.0,Wanda Parker,wparker@yahoo.com,History,TX,1430.47,02/07/2023,yahoo.com
1777.0,Arthur Wayne,awayne@edu.org,History,FL,880.71,02/07/2023,edu.org
1740.0,Diana Allen,dallen@edu.org,Business,Unknown,1879.97,07/29/2023,edu.org
1853.0,Victor Jane,vjane@gmail.com,Agriculture,AZ,776.36,,gmail.com
1659.0,Mary Smith,msmith@outlook.com,Art,FL,657.37,,outlook.com
1348.0,Bob Jones,bjones@dailybugle.com,Biology,NJ,303.21,,dailybugle.com
1325.0,John Prince,jprince@skynet.com,Agriculture,NJ,298.64,,skynet.com
1186.0,Barry Doe,bdoe@stark.com,Agriculture,TX,980.87,,stark.com
1919.0,Mary Stone,mstone@dailybugle.com,Unknown,AZ,239.95,,dailybugle.com
1608.0,Victor Wayne,vwayne@dailybugle.com,Engineering,CA,221.61,,dailybugle.com
1143.0,Bob Wayne,bwayne@outlook.com,Physics,Unknown,869.35,,outlook.com
1751.0,Mary Connor,mconnor@edu.org,Computer Science,KS,955.96,,edu.org
1947.0,Sara Prince,sprince@edu.org,Engineering,NV,1151.42,,edu.org
1197.0,Bruce Smith,bsmith@skynet.com,Agriculture,WA,1805.55,,skynet.com
1609.0,Hal Kent,hkent@yahoo.com,Physics,WA,1273.81,,yahoo.com
1279.0,Victor Jordan,vjordan@outlook.com,Unknown,NV,1529.08,,outlook.com
1293.0,Wanda Allen,wallen@edu.org,Business,KS,1216.83,04/20/2023,edu.org
1896.0,Bob Prince,bprince@edu.org,Engineering,Unknown,1704.31,12/22/2023,edu.org
1400.0,Hal Wayne,hwayne@outlook.com,Unknown,OR,854.21,,outlook.com
1122.0,Mary Smith,msmith@yahoo.com,Math,FL,1433.84,09/19/2023,yahoo.com
1183.0,Bruce Prince,bprince@edu.org,Math,NV,1589.69,01/01/2024,edu.org
1202.0,Bruce Brown,bbrown@dailybugle.com,Computer Science,FL,1826.87,,dailybugle.com
1438.0,Mary Smith,msmith@stark.com,Computer Science,CA,1014.61,,stark.com
1246.0,Wanda Maximoff,wmaximoff@stark.com,Physics,FL,526.47,,stark.com
1415.0,Peter Prince,pprince@outlook.com,History,FL,739.28,,outlook.com
1836.0,Bob Smith,bsmith@skynet.com,Math,TX,794.36,,skynet.com
1824.0,Steve Smith,ssmith@yahoo.com,Agriculture,WA,981.01,,yahoo.com
1974.0,Wanda Jones,wjones@skynet.com,Unknown,AZ,646.05,,skynet.com
1827.0,Bruce Wayne,bwayne@stark.com,Unknown,NV,981.88,,stark.com
1954.0,Mary Prince,mprince@skynet.com,Unknown,FL,341.2,,skynet.com
1129.0,Sara Rogers,srogers@gmail.com,Business,TX,776.84,,gmail.com
1637.0,Peter Parker,pparker@stark.com,History,Unknown,48.49,,stark.com
1402.0,Wanda Kent,wkent@skynet.com,Agriculture,Unknown,300.95,,skynet.com
1844.0,Wanda Doe,wdoe@stark.com,Biology,NY,1196.1,,stark.com
1830.0,John Prince,jprince@outlook.com,Physics,WA,1110.53,,outlook.com
1735.0,Alice Curry,acurry@edu.org,Math,AZ,974.46,10/25/2023,edu.org
1981.0,Clark Wayne,cwayne@yahoo.com,Biology,CA,1902.8,,yahoo.com
1641.0,Steve Kent,skent@stark.com,Unknown,KS,1848.35,,stark.com
1983.0,Hal Maximoff,hmaximoff@skynet.com,Business,AZ,126.96,08/25/2023,skynet.com
1867.0,Steve Allen,sallen@outlook.com,Engineering,Unknown,753.12,08/25/2023,outlook.com
1988.0,Sara Kent,skent@yahoo.com,Journalism,AZ,343.71,,yahoo.com
1624.0,Clark Prince,cprince@dailybugle.com,Engineering,Unknown,1108.57,,dailybugle.com
1903.0,Alice Maximoff,amaximoff@gmail.com,Biology,NY,949.04,,gmail.com
1819.0,Barry Wayne,bwayne@stark.com,Biology,Unknown,688.45,,stark.com
1386.0,John Rogers,jrogers@gmail.com,Biology,Unknown,1335.17,,gmail.com
1901.0,Arthur Brown,abrown@yahoo.com,Business,Unknown,18.45,,yahoo.com
1806.0,Hal Parker,hparker@skynet.com,Art,CA,1352.38,,skynet.com
1509.0,Sara Doe,sdoe@dailybugle.com,Computer Science,FL,1752.01,,dailybugle.com
1881.0,Hal Jordan,hjordan@stark.com,Business,OR,252.48,,stark.com
1441.0,Wanda Allen,wallen@outlook.com,Physics,WA,1518.38,,outlook.com
1496.0,Mary Jordan,mjordan@stark.com,History,FL,399.97,,stark.com
1112.0,Victor Rogers,vrogers@skynet.com,Journalism,OR,1050.95,03/30/2023,skynet.com
1691.0,Victor Maximoff,vmaximoff@yahoo.com,Unknown,OR,1541.49,,yahoo.com
1232.0,Alice Prince,aprince@yahoo.com,Engineering,CA,1852.97,12/17/2023,yahoo.com
1935.0,Wanda Jones,wjones@dailybugle.com,Computer Science,WA,1818.67,12/17/2023,dailybugle.com
1607.0,Arthur Rogers,arogers@stark.com,Computer Science,AZ,205.49,,stark.com
1671.0,Peter Doe,pdoe@edu.org,Art,AZ,469.43,,edu.org
1373.0,Peter Smith,psmith@edu.org,Physics,NY,1840.87,,edu.org
1663.0,Victor Allen,vallen@skynet.com,Computer Science,CA,147.51,,skynet.com
1908.0,Mary Doe,mdoe@gmail.com,Journalism,Unknown,1532.0,,gmail.com
1233.0,John Kent,jkent@dailybugle.com,Journalism,NV,1476.9,,dailybugle.com
1938.0,Arthur Doe,adoe@gmail.com,Art,Unknown,1375.91,02/20/2023,gmail.com
1845.0,Barry Brown,bbrown@outlook.com,Physics,OR,1351.42,02/20/2023,outlook.com
1676.0,Sara Jordan,sjordan@edu.org,History,CA,1690.96,,edu.org
1317.0,Bob Prince,bprince@skynet.com,History,NY,1142.73,,skynet.com
1648.0,Charlie Smith,csmith@gmail.com,Biology,AZ,768.35,,gmail.com
1410.0,Steve Stone,sstone@dailybugle.com,Computer Science,AZ,1458.46,06/17/2023,dailybugle.com
1965.0,Charlie Stone,cstone@skynet.com,Math,WA,1321.84,10/09/2023,skynet.com
1709.0,Steve Smith,ssmith@stark.com,Unknown,NY,1311.74,,stark.com
1358.0,Bruce Maximoff,bmaximoff@yahoo.com,Unknown,Unknown,1687.56,,yahoo.com
1258.0,Barry Kent,bkent@outlook.com,Agriculture,NJ,1155.3,,outlook.com
1744.0,Clark Prince,cprince@stark.com,History,OR,455.36,,stark.com
1627.0,Wanda Maximoff,wmaximoff@skynet.com,Unknown,OR,1381.19,,skynet.com
1632.0,Hal Doe,hdoe@outlook.com,Agriculture,OR,553.81,,outlook.com
1282.0,Arthur Jones,ajones@stark.com,Math,FL,1791.4,,stark.com
1376.0,Peter Doe,pdoe@yahoo.com,Art,CA,1816.89,,yahoo.com
1384.0,Mary Parker,mparker@edu.org,Computer Science,CA,959.04,,edu.org
1224.0,Bruce Jones,bjones@gmail.com,Biology,Unknown,824.68,,gmail.com
1101.0,Charlie Stone,cstone@outlook.com,Journalism,FL,692.05,,outlook.com
1876.0,Bruce Kent,bkent@edu.org,History,Unknown,1831.7,,edu.org
1472.0,Victor Allen,vallen@outlook.com,Engineering,CA,1035.36,,outlook.com
1505.0,Victor Brown,vbrown@edu.org,Engineering,TX,1105.7,07/14/2023,edu.org
1639.0,Charlie Jones,cjones@stark.com,Computer Science,Unknown,461.15,07/14/2023,stark.com
1277.0,Wanda Stone,wstone@edu.org,Computer Science,KS,824.41,07/14/2023,edu.org
1797.0,Steve Parker,sparker@stark.com,Computer Science,NY,483.5,,stark.com
1999.0,Wanda Prince,wprince@outlook.com,Computer Science,TX,1415.13,,outlook.com
1973.0,Sara Jane,sjane@stark.com,Journalism,Unknown,991.5,06/26/2023,stark.com
1619.0,Steve Jane,sjane@stark.com,Physics,CA,488.74,08/09/2023,stark.com
1864.0,Charlie Rogers,crogers@dailybugle.com,Engineering,AZ,1027.04,,dailybugle.com
1645.0,John Wayne,jwayne@gmail.com,Art,FL,1996.18,07/23/2023,gmail.com
1912.0,Bob Brown,bbrown@edu.org,Math,KS,239.51,11/23/2023,edu.org
1556.0,Wanda Kent,wkent@yahoo.com,Unknown,CA,1279.23,,yahoo.com
1681.0,Bob Jane,bjane@yahoo.com,Agriculture,AZ,1521.16,,yahoo.com
1577.0,Charlie Connor,cconnor@stark.com,Unknown,AZ,1711.91,,stark.com
1795.0,Steve Kent,skent@dailybugle.com,Physics,FL,141.05,,dailybugle.com
1085.0,Steve Parker,sparker@stark.com,Math,TX,1633.78,,stark.com
1242.0,Diana Allen,dallen@gmail.com,Unknown,NV,1095.05,,gmail.com
1940.0,Charlie Rogers,crogers@stark.com,Math,CA,628.23,09/17/2023,stark.com
1159.0,Victor Smith,vsmith@yahoo.com,Unknown,FL,1522.95,,yahoo.com
1524.0,Arthur Stone,astone@gmail.com,Engineering,FL,1402.22,,gmail.com
1035.0,Bob Wayne,bwayne@outlook.com,Journalism,Unknown,1295.09,,outlook.com
1540.0,John Stone,jstone@edu.org,Math,WA,27.8,,edu.org
1170.0,Charlie Curry,ccurry@dailybugle.com,History,Unknown,172.43,,dailybugle.com
1654.0,Clark Kent,ckent@yahoo.com,Unknown,Unknown,1368.88,10/24/2023,yahoo.com
1970.0,Bruce Kent,bkent@gmail.com,Agriculture,WA,1525.93,,gmail.com
1923.0,Victor Doe,vdoe@edu.org,Engineering,WA,539.28,,edu.org
1913.0,Victor Prince,vprince@stark.com,Physics,WA,1962.62,,stark.com
1899.0,Peter Rogers,progers@gmail.com,Unknown,NJ,779.12,,gmail.com
1733.0,Barry Smith,bsmith@edu.org,History,TX,1379.4,,edu.org
1095.0,Alice Jones,ajones@yahoo.com,Agriculture,Unknown,134.47,07/07/2023,yahoo.com
1240.0,Bruce Kent,bkent@skynet.com,Unknown,NY,1511.92,,skynet.com
1742.0,Mary Jones,mjones@stark.com,Agriculture,AZ,1172.23,,stark.com
1863.0,Clark Maximoff,cmaximoff@stark.com,Journalism,OR,1022.88,,stark.com
1574.0,John Prince,jprince@gmail.com,Art,Unknown,1972.99,01/25/2023,gmail.com
1690.0,Diana Jane,djane@outlook.com,Journalism,AZ,1684.38,,outlook.com
1460.0,Victor Parker,vparker@dailybugle.com,Agriculture,KS,683.26,11/03/2023,dailybugle.com
1553.0,Steve Parker,sparker@stark.com,Math,KS,896.96,11/03/2023,stark.com
1857.0,Bruce Brown,bbrown@dailybugle.com,Journalism,OR,133.64,,dailybugle.com
1944.0,John Kent,jkent@edu.org,History,WA,1436.36,,edu.org
1206.0,Sara Doe,sdoe@edu.org,Agriculture,OR,604.29,11/16/2023,edu.org
1392.0,Hal Jane,hjane@outlook.com,Art,OR,1022.83,,outlook.com
1794.0,Bruce Kent,bkent@dailybugle.com,Engineering,CA,831.77,,dailybugle.com
1397.0,Arthur Jordan,ajordan@yahoo.com,Art,Unknown,1375.98,02/28/2023,yahoo.com
1766.0,Victor Jordan,vjordan@yahoo.com,Computer Science,AZ,1888.68,,yahoo.com
1914.0,Diana Stone,dstone@outlook.com,Unknown,KS,636.62,,outlook.com
1217.0,Mary Jane,mjane@outlook.com,Engineering,NV,992.71,09/04/2023,outlook.com
1004.0,Alice Wayne,awayne@gmail.com,Art,KS,425.25,11/26/2023,gmail.com
1768.0,Arthur Kent,akent@dailybugle.com,Art,OR,1516.92,11/26/2023,dailybugle.com
1964.0,Bruce Wayne,bwayne@dailybugle.com,Biology,NJ,1656.03,,dailybugle.com
1612.0,Peter Jordan,pjordan@edu.org,Computer Science,OR,374.06,,edu.org
1738.0,Wanda Curry,wcurry@stark.com,Unknown,NJ,1003.56,09/29/2023,stark.com
1546.0,Clark Jane,cjane@stark.com,Business,WA,262.84,,stark.com
1725.0,Wanda Wayne,wwayne@stark.com,Physics,NY,13.77,12/13/2023,stark.com
1985.0,John Jordan,jjordan@gmail.com,Biology,KS,1511.13,11/14/2023,gmail.com
1683.0,Bob Jane,bjane@yahoo.com,Computer Science,Unknown,848.36,09/26/2023,yahoo.com
1098.0,Bob Maximoff,bmaximoff@dailybugle.com,Unknown,NJ,1702.72,,dailybugle.com
1804.0,Peter Parker,pparker@skynet.com,Business,NJ,427.03,,skynet.com
1727.0,Wanda Stone,wstone@outlook.com,Journalism,Unknown,486.14,,outlook.com
1573.0,Hal Jordan,hjordan@gmail.com,Unknown,KS,56.1,,gmail.com
1406.0,Clark Rogers,crogers@stark.com,Business,FL,1871.0,,stark.com
1502.0,Diana Doe,ddoe@stark.com,History,WA,1042.94,,stark.com
1047.0,Hal Smith,hsmith@dailybugle.com,Agriculture,FL,1036.88,,dailybugle.com
1779.0,Clark Stone,cstone@gmail.com,Physics,FL,1591.11,,gmail.com
1839.0,Bruce Kent,bkent@edu.org,Business,OR,1968.46,,edu.org
1200.0,Mary Jane,mjane@outlook.com,Agriculture,OR,74.93,,outlook.com
1134.0,Steve Rogers,srogers@skynet.com,Biology,NY,1890.38,01/04/2023,skynet.com
1027.0,Mary Stone,mstone@skynet.com,Computer Science,OR,1335.16,11/01/2023,skynet.com
1946.0,Clark Jones,cjones@outlook.com,Journalism,CA,373.18,12/12/2023,outlook.com
1230.0,Arthur Parker,aparker@skynet.com,Journalism,KS,1124.56,,skynet.com
1489.0,Hal Connor,hconnor@stark.com,History,OR,317.56,,stark.com
1772.0,Victor Doe,vdoe@outlook.com,Biology,NJ,717.18,,outlook.com
1378.0,Bob Brown,bbrown@skynet.com,Computer Science,Unknown,1277.61,,skynet.com
1288.0,Barry Maximoff,bmaximoff@stark.com,Journalism,NV,1638.1,12/16/2023,stark.com
1418.0,Victor Brown,vbrown@dailybugle.com,Business,NJ,1225.86,,dailybugle.com
1674.0,Alice Curry,acurry@gmail.com,History,CA,617.02,,gmail.com
1592.0,Wanda Stone,wstone@outlook.com,Math,NJ,614.79,,outlook.com
1498.0,Victor Jane,vjane@edu.org,History,Unknown,1630.17,,edu.org
1138.0,Arthur Jane,ajane@stark.com,Art,CA,1848.32,,stark.com
1062.0,Steve Jane,sjane@edu.org,Agriculture,NJ,65.43,08/16/2023,edu.org
1471.0,Arthur Parker,aparker@dailybugle.com,Journalism,AZ,889.25,08/16/2023,dailybugle.com
1647.0,Mary Smith,msmith@gmail.com,Physics,NV,461.07,,gmail.com
1128.0,Charlie Wayne,cwayne@skynet.com,Journalism,WA,1571.61,08/02/2023,skynet.com
1520.0,Bob Jane,bjane@yahoo.com,Business,CA,621.6,,yahoo.com
1838.0,Hal Parker,hparker@stark.com,Engineering,FL,1773.3,07/04/2023,stark.com
1139.0,Alice Connor,aconnor@gmail.com,Art,WA,1354.07,,gmail.com
1014.0,Arthur Smith,asmith@skynet.com,Unknown,AZ,135.92,,skynet.com
1156.0,Mary Kent,mkent@stark.com,Math,WA,204.83,,stark.com
1040.0,Diana Doe,ddoe@dailybugle.com,Agriculture,Unknown,24.53,09/03/2023,dailybugle.com
1492.0,Alice Wayne,awayne@dailybugle.com,History,WA,1984.78,09/03/2023,dailybugle.com
1379.0,Charlie Parker,cparker@stark.com,Agriculture,OR,449.04,,stark.com
1763.0,Barry Wayne,bwayne@yahoo.com,Unknown,AZ,452.51,,yahoo.com
1216.0,John Smith,jsmith@dailybugle.com,Biology,NY,1324.97,,dailybugle.com
1921.0,Peter Maximoff,pmaximoff@edu.org,Math,OR,1326.24,,edu.org
1791.0,Alice Parker,aparker@dailybugle.com,Unknown,Unknown,1933.54,,dailybugle.com
1052.0,Charlie Rogers,crogers@stark.com,Computer Science,OR,30.7,,stark.com
1878.0,Sara Prince,sprince@gmail.com,History,NY,134.76,,gmail.com
1337.0,Bruce Kent,bkent@gmail.com,Computer Science,Unknown,1462.59,05/24/2023,gmail.com
1748.0,John Doe,jdoe@dailybugle.com,Art,AZ,305.21,04/16/2023,dailybugle.com
1719.0,Bob Rogers,brogers@outlook.com,Agriculture,CA,311.8,11/16/2023,outlook.com
1724.0,Hal Parker,hparker@edu.org,History,NJ,129.63,10/23/2023,edu.org
1295.0,Clark Brown,cbrown@outlook.com,Computer Science,AZ,1835.76,,outlook.com
1701.0,Clark Parker,cparker@yahoo.com,Journalism,WA,1316.61,,yahoo.com
1726.0,Steve Jordan,sjordan@edu.org,Biology,WA,1656.62,01/21/2023,edu.org
1461.0,Charlie Doe,cdoe@skynet.com,Agriculture,NV,162.3,01/21/2023,skynet.com
1455.0,Victor Connor,vconnor@gmail.com,Business,NJ,751.03,01/21/2023,gmail.com
1270.0,Mary Kent,mkent@yahoo.com,Physics,CA,353.21,,yahoo.com
1815.0,Charlie Wayne,cwayne@dailybugle.com,Art,Unknown,1165.51,,dailybugle.com
1862.0,Sara Wayne,swayne@edu.org,Unknown,Unknown,1783.3,,edu.org
1269.0,Clark Wayne,cwayne@edu.org,Journalism,WA,559.26,,edu.org
1527.0,Hal Wayne,hwayne@stark.com,Computer Science,WA,550.43,,stark.com
1201.0,Hal Smith,hsmith@outlook.com,Biology,NJ,621.9,,outlook.com
1161.0,Barry Jones,bjones@outlook.com,Engineering,AZ,261.19,,outlook.com
1555.0,Bob Connor,bconnor@skynet.com,Physics,Unknown,1143.8,,skynet.com
1729.0,Bruce Allen,ballen@skynet.com,Agriculture,NJ,308.88,,skynet.com
1401.0,Diana Stone,dstone@dailybugle.com,Physics,NV,1725.42,,dailybugle.com
1702.0,John Connor,jconnor@outlook.com,Agriculture,CA,878.02,,outlook.com
1821.0,Steve Curry,scurry@gmail.com,Business,OR,648.74,07/26/2023,gmail.com
1771.0,Mary Jane,mjane@dailybugle.com,Journalism,OR,1704.47,07/26/2023,dailybugle.com
1105.0,Mary Curry,mcurry@edu.org,Business,TX,1626.96,,edu.org
1565.0,Sara Stone,sstone@outlook.com,Journalism,NY,1577.71,,outlook.com
1389.0,Hal Stone,hstone@gmail.com,Agriculture,NJ,1114.26,06/17/2023,gmail.com
1001.0,Wanda Kent,wkent@outlook.com,Journalism,Unknown,759.85,,outlook.com
1859.0,Charlie Curry,ccurry@dailybugle.com,Agriculture,TX,775.72,,dailybugle.com
1974.0,Wanda Jones,wjones@skynet.com,Unknown,AZ,646.05,,skynet.com
1561.0,John Jane,jjane@yahoo.com,Engineering,Unknown,1254.77,,yahoo.com
1931.0,Mary Doe,mdoe@dailybugle.com,History,NJ,921.71,,dailybugle.com
1080.0,Wanda Jane,wjane@gmail.com,Agriculture,NV,1045.5,,gmail.com
1205.0,Diana Doe,ddoe@dailybugle.com,History,WA,1026.56,,dailybugle.com
1034.0,Clark Allen,callen@outlook.com,Unknown,Unknown,623.91,07/12/2023,outlook.com
1942.0,Clark Wayne,cwayne@stark.com,Biology,CA,1250.03,,stark.com
1775.0,Steve Allen,sallen@gmail.com,Unknown,NV,1400.46,,gmail.com
1427.0,Alice Jones,ajones@gmail.com,Art,KS,509.72,,gmail.com
1454.0,Arthur Stone,astone@gmail.com,Unknown,Unknown,336.31,,gmail.com
1584.0,Peter Doe,pdoe@dailybugle.com,Physics,Unknown,810.14,12/31/2023,dailybugle.com
1091.0,Arthur Brown,abrown@dailybugle.com,Physics,NY,1432.09,,dailybugle.com
1339.0,Barry Prince,bprince@gmail.com,Art,CA,1312.64,,gmail.com
1897.0,Diana Prince,dprince@stark.com,Engineering,FL,481.36,,stark.com
1564.0,Mary Rogers,mrogers@skynet.com,Journalism,NY,1791.17,04/02/2023,skynet.com
1345.0,Wanda Allen,wallen@skynet.com,History,NY,1416.15,,skynet.com
1776.0,Bob Parker,bparker@yahoo.com,Math,TX,1842.52,,yahoo.com
1241.0,Mary Prince,mprince@edu.org,Biology,NV,439.73,,edu.org
1013.0,Hal Smith,hsmith@edu.org,Math,OR,309.59,,edu.org
1315.0,Clark Parker,cparker@stark.com,Unknown,AZ,596.88,,stark.com
1600.0,Barry Jane,bjane@outlook.com,History,KS,1416.17,,outlook.com
1387.0,Peter Connor,pconnor@outlook.com,Math,AZ,483.65,,outlook.com
1273.0,Charlie Connor,cconnor@stark.com,Computer Science,FL,626.96,,stark.com
1166.0,Wanda Parker,wparker@edu.org,Physics,NY,496.33,,edu.org
1840.0,Diana Wayne,dwayne@outlook.com,Engineering,AZ,1922.42,,outlook.com
1020.0,Bruce Jane,bjane@stark.com,Physics,CA,358.72,,stark.com
1646.0,Bob Jones,bjones@edu.org,Journalism,NJ,1737.94,05/17/2023,edu.org
1818.0,Charlie Parker,cparker@yahoo.com,History,AZ,593.44,,yahoo.com
1484.0,Hal Jordan,hjordan@dailybugle.com,Physics,FL,453.85,,dailybugle.com
1312.0,Charlie Jordan,cjordan@gmail.com,Physics,NY,182.38,11/21/2023,gmail.com
1504.0,Sara Wayne,swayne@stark.com,Computer Science,KS,796.49,08/14/2023,stark.com
1831.0,Clark Parker,cparker@gmail.com,Unknown,NV,954.2,,gmail.com
1243.0,Barry Parker,bparker@yahoo.com,Engineering,TX,1341.96,,yahoo.com
1566.0,Charlie Jordan,cjordan@skynet.com,Engineering,Unknown,646.11,07/17/2023,skynet.com
1875.0,John Wayne,jwayne@skynet.com,Business,Unknown,872.58,07/17/2023,skynet.com
1562.0,Arthur Jones,ajones@outlook.com,Physics,NV,1384.08,07/17/2023,outlook.com
1235.0,Alice Brown,abrown@stark.com,Journalism,Unknown,1415.36,,stark.com
1957.0,Hal Jordan,hjordan@yahoo.com,Computer Science,FL,199.89,,yahoo.com
1189.0,Barry Wayne,bwayne@dailybugle.com,Physics,CA,1897.58,,dailybugle.com
1699.0,Arthur Stone,astone@outlook.com,Engineering,Unknown,710.31,,outlook.com
1510.0,Hal Prince,hprince@dailybugle.com,Journalism,NJ,1497.46,,dailybugle.com
1474.0,Diana Stone,dstone@yahoo.com,History,OR,1247.84,,yahoo.com
1856.0,Barry Stone,bstone@edu.org,Unknown,WA,133.88,12/07/2023,edu.org
1747.0,Clark Maximoff,cmaximoff@yahoo.com,Journalism,WA,1778.79,12/07/2023,yahoo.com
1252.0,Steve Rogers,srogers@gmail.com,Unknown,TX,1259.08,,gmail.com
1021.0,Bruce Kent,bkent@yahoo.com,Agriculture,FL,445.85,07/24/2023,yahoo.com
1459.0,Hal Allen,hallen@yahoo.com,Art,Unknown,179.43,,yahoo.com
1276.0,Charlie Brown,cbrown@stark.com,Math,NV,889.69,,stark.com
1955.0,Bob Wayne,bwayne@yahoo.com,Business,CA,1659.17,,yahoo.com
1385.0,Arthur Connor,aconnor@stark.com,History,FL,260.44,,stark.com
1805.0,Victor Smith,vsmith@yahoo.com,Biology,WA,1134.79,,yahoo.com
1343.0,Victor Doe,vdoe@skynet.com,Business,NJ,669.93,,skynet.com
1769.0,Barry Wayne,bwayne@gmail.com,Engineering,NJ,1809.46,06/18/2023,gmail.com
1130.0,Barry Jones,bjones@edu.org,Art,Unknown,145.57,,edu.org
1871.0,Arthur Wayne,awayne@gmail.com,Art,NJ,1619.1,,gmail.com
1087.0,John Stone,jstone@gmail.com,Computer Science,KS,1582.76,,gmail.com
1330.0,Diana Maximoff,dmaximoff@edu.org,Unknown,AZ,862.3,,edu.org
1466.0,Steve Allen,sallen@edu.org,Journalism,Unknown,389.22,,edu.org
1121.0,Charlie Rogers,crogers@stark.com,History,AZ,1746.27,,stark.com
1299.0,Peter Wayne,pwayne@dailybugle.com,Journalism,KS,689.05,,dailybugle.com
